{
  "cold_seconds": 4.063445917,
  "cold_top_country": 10,
  "cold_above_avg": 1151,
  "warm_seconds": 0.21533133299999996,
  "speedup": 18.870667173179115
}